,path,crop,croplabel
0,/kaggle/input/kag2/sugarcane/sugarcane037ahs.jpeg,sugarcane,3
1,/kaggle/input/kag2/sugarcane/sugarcane034a.jpeg,sugarcane,3
2,/kaggle/input/kag2/sugarcane/sugarcane032arot.jpeg,sugarcane,3
3,/kaggle/input/kag2/sugarcane/sugarcane036ahs.jpeg,sugarcane,3
4,/kaggle/input/kag2/sugarcane/sugarcane023ahs.jpeg,sugarcane,3
5,/kaggle/input/kag2/sugarcane/sugarcane026a.jpeg,sugarcane,3
6,/kaggle/input/kag2/sugarcane/sugarcane0003ahs.jpeg,sugarcane,3
7,/kaggle/input/kag2/sugarcane/sugarcane017arot.jpeg,sugarcane,3
8,/kaggle/input/kag2/sugarcane/sugarcane005ahf.jpeg,sugarcane,3
9,/kaggle/input/kag2/sugarcane/sugarcane027arot.jpeg,sugarcane,3
10,/kaggle/input/kag2/sugarcane/sugarcane013ahs.jpeg,sugarcane,3
11,/kaggle/input/kag2/sugarcane/sugarcane014a.jpeg,sugarcane,3
12,/kaggle/input/kag2/sugarcane/sugarcane016ahf.jpeg,sugarcane,3
13,/kaggle/input/kag2/sugarcane/sugarcane028a.jpeg,sugarcane,3
14,/kaggle/input/kag2/sugarcane/sugarcane027ahf.jpeg,sugarcane,3
15,/kaggle/input/kag2/sugarcane/sugarcane016arot.jpeg,sugarcane,3
16,/kaggle/input/kag2/sugarcane/sugarcane019ahs.jpeg,sugarcane,3
17,/kaggle/input/kag2/sugarcane/sugarcane0004arot.jpeg,sugarcane,3
18,/kaggle/input/kag2/sugarcane/sugarcane009arot.jpeg,sugarcane,3
19,/kaggle/input/kag2/sugarcane/sugarcane034ahs.jpeg,sugarcane,3
20,/kaggle/input/kag2/sugarcane/sugarcane027a.jpeg,sugarcane,3
21,/kaggle/input/kag2/sugarcane/sugarcane025arot.jpeg,sugarcane,3
22,/kaggle/input/kag2/sugarcane/sugarcane030ahf.jpeg,sugarcane,3
23,/kaggle/input/kag2/sugarcane/sugarcane009a.jpeg,sugarcane,3
24,/kaggle/input/kag2/sugarcane/sugarcane031a.jpeg,sugarcane,3
25,/kaggle/input/kag2/sugarcane/sugarcane0002arot.jpeg,sugarcane,3
26,/kaggle/input/kag2/sugarcane/sugarcane028ahs.jpeg,sugarcane,3
27,/kaggle/input/kag2/sugarcane/sugarcane020ahs.jpeg,sugarcane,3
28,/kaggle/input/kag2/sugarcane/sugarcane021arot.jpeg,sugarcane,3
29,/kaggle/input/kag2/sugarcane/sugarcane0003ahf.jpeg,sugarcane,3
30,/kaggle/input/kag2/sugarcane/sugarcane008ahs.jpeg,sugarcane,3
31,/kaggle/input/kag2/sugarcane/sugarcane016a.jpeg,sugarcane,3
32,/kaggle/input/kag2/sugarcane/sugarcane025ahs.jpeg,sugarcane,3
33,/kaggle/input/kag2/sugarcane/sugarcane031ahs.jpeg,sugarcane,3
34,/kaggle/input/kag2/sugarcane/sugarcane017ahs.jpeg,sugarcane,3
35,/kaggle/input/kag2/sugarcane/sugarcane039ahs.jpeg,sugarcane,3
36,/kaggle/input/kag2/sugarcane/sugarcane036ahf.jpeg,sugarcane,3
37,/kaggle/input/kag2/sugarcane/sugarcane0011a.jpeg,sugarcane,3
38,/kaggle/input/kag2/sugarcane/sugarcane018ahf.jpeg,sugarcane,3
39,/kaggle/input/kag2/sugarcane/sugarcane0010arot.jpeg,sugarcane,3
40,/kaggle/input/kag2/sugarcane/sugarcane033ahf.jpeg,sugarcane,3
41,/kaggle/input/kag2/sugarcane/sugarcane030arot.jpeg,sugarcane,3
42,/kaggle/input/kag2/sugarcane/sugarcane022ahs.jpeg,sugarcane,3
43,/kaggle/input/kag2/sugarcane/sugarcane006ahf.jpeg,sugarcane,3
44,/kaggle/input/kag2/sugarcane/sugarcane007ahf.jpeg,sugarcane,3
45,/kaggle/input/kag2/sugarcane/sugarcane030a.jpeg,sugarcane,3
46,/kaggle/input/kag2/sugarcane/sugarcane0002ahs.jpeg,sugarcane,3
47,/kaggle/input/kag2/sugarcane/sugarcane027ahs.jpeg,sugarcane,3
48,/kaggle/input/kag2/sugarcane/sugarcane040a.jpeg,sugarcane,3
49,/kaggle/input/kag2/sugarcane/sugarcane032a.jpeg,sugarcane,3
50,/kaggle/input/kag2/sugarcane/sugarcane017ahf.jpeg,sugarcane,3
51,/kaggle/input/kag2/sugarcane/sugarcane035arot.jpeg,sugarcane,3
52,/kaggle/input/kag2/sugarcane/sugarcane007ahs.jpeg,sugarcane,3
53,/kaggle/input/kag2/sugarcane/sugarcane035ahf.jpeg,sugarcane,3
54,/kaggle/input/kag2/sugarcane/sugarcane039arot.jpeg,sugarcane,3
55,/kaggle/input/kag2/sugarcane/sugarcane037a.jpeg,sugarcane,3
56,/kaggle/input/kag2/sugarcane/sugarcane012ahf.jpeg,sugarcane,3
57,/kaggle/input/kag2/sugarcane/sugarcane031arot.jpeg,sugarcane,3
58,/kaggle/input/kag2/sugarcane/sugarcane020a.jpeg,sugarcane,3
59,/kaggle/input/kag2/sugarcane/sugarcane013arot.jpeg,sugarcane,3
60,/kaggle/input/kag2/sugarcane/sugarcane024a.jpeg,sugarcane,3
61,/kaggle/input/kag2/sugarcane/sugarcane005ahs.jpeg,sugarcane,3
62,/kaggle/input/kag2/sugarcane/sugarcane0003arot.jpeg,sugarcane,3
63,/kaggle/input/kag2/sugarcane/sugarcane035a.jpeg,sugarcane,3
64,/kaggle/input/kag2/sugarcane/sugarcane0004ahf.jpeg,sugarcane,3
65,/kaggle/input/kag2/sugarcane/sugarcane013a.jpeg,sugarcane,3
66,/kaggle/input/kag2/sugarcane/sugarcane0004a.jpeg,sugarcane,3
67,/kaggle/input/kag2/sugarcane/sugarcane039ahf.jpeg,sugarcane,3
68,/kaggle/input/kag2/sugarcane/sugarcane018a.jpeg,sugarcane,3
69,/kaggle/input/kag2/sugarcane/sugarcane016ahs.jpeg,sugarcane,3
70,/kaggle/input/kag2/sugarcane/sugarcane0010ahf.jpeg,sugarcane,3
71,/kaggle/input/kag2/sugarcane/sugarcane009ahs.jpeg,sugarcane,3
72,/kaggle/input/kag2/sugarcane/sugarcane0001arot.jpeg,sugarcane,3
73,/kaggle/input/kag2/sugarcane/sugarcane025a.jpeg,sugarcane,3
74,/kaggle/input/kag2/sugarcane/sugarcane007arot.jpeg,sugarcane,3
75,/kaggle/input/kag2/sugarcane/sugarcane019arot.jpeg,sugarcane,3
76,/kaggle/input/kag2/sugarcane/sugarcane0011ahf.jpeg,sugarcane,3
77,/kaggle/input/kag2/sugarcane/sugarcane023ahf.jpeg,sugarcane,3
78,/kaggle/input/kag2/sugarcane/sugarcane026ahs.jpeg,sugarcane,3
79,/kaggle/input/kag2/sugarcane/sugarcane015ahs.jpeg,sugarcane,3
80,/kaggle/input/kag2/sugarcane/sugarcane038a.jpeg,sugarcane,3
81,/kaggle/input/kag2/sugarcane/sugarcane021ahs.jpeg,sugarcane,3
82,/kaggle/input/kag2/sugarcane/sugarcane020ahf.jpeg,sugarcane,3
83,/kaggle/input/kag2/sugarcane/sugarcane0001ahs.jpeg,sugarcane,3
84,/kaggle/input/kag2/sugarcane/sugarcane029a.jpeg,sugarcane,3
85,/kaggle/input/kag2/sugarcane/sugarcane019a.jpeg,sugarcane,3
86,/kaggle/input/kag2/sugarcane/sugarcane038arot.jpeg,sugarcane,3
87,/kaggle/input/kag2/sugarcane/sugarcane026arot.jpeg,sugarcane,3
88,/kaggle/input/kag2/sugarcane/sugarcane031ahf.jpeg,sugarcane,3
89,/kaggle/input/kag2/sugarcane/sugarcane0003a.jpeg,sugarcane,3
90,/kaggle/input/kag2/sugarcane/sugarcane018ahs.jpeg,sugarcane,3
91,/kaggle/input/kag2/sugarcane/sugarcane033ahs.jpeg,sugarcane,3
92,/kaggle/input/kag2/sugarcane/sugarcane026ahf.jpeg,sugarcane,3
93,/kaggle/input/kag2/sugarcane/sugarcane008a.jpeg,sugarcane,3
94,/kaggle/input/kag2/sugarcane/sugarcane014ahs.jpeg,sugarcane,3
95,/kaggle/input/kag2/sugarcane/sugarcane032ahs.jpeg,sugarcane,3
96,/kaggle/input/kag2/sugarcane/sugarcane012ahs.jpeg,sugarcane,3
97,/kaggle/input/kag2/sugarcane/sugarcane0002ahf.jpeg,sugarcane,3
98,/kaggle/input/kag2/sugarcane/sugarcane029ahf.jpeg,sugarcane,3
99,/kaggle/input/kag2/sugarcane/sugarcane037arot.jpeg,sugarcane,3
100,/kaggle/input/kag2/sugarcane/sugarcane024ahf.jpeg,sugarcane,3
101,/kaggle/input/kag2/sugarcane/sugarcane014ahf.jpeg,sugarcane,3
102,/kaggle/input/kag2/sugarcane/sugarcane023arot.jpeg,sugarcane,3
103,/kaggle/input/kag2/sugarcane/sugarcane012a.jpeg,sugarcane,3
104,/kaggle/input/kag2/sugarcane/sugarcane036arot.jpeg,sugarcane,3
105,/kaggle/input/kag2/sugarcane/sugarcane017a.jpeg,sugarcane,3
106,/kaggle/input/kag2/sugarcane/sugarcane022a.jpeg,sugarcane,3
107,/kaggle/input/kag2/sugarcane/sugarcane039a.jpeg,sugarcane,3
108,/kaggle/input/kag2/sugarcane/sugarcane0001ahf.jpeg,sugarcane,3
109,/kaggle/input/kag2/sugarcane/sugarcane012arot.jpeg,sugarcane,3
110,/kaggle/input/kag2/sugarcane/sugarcane0010ahs.jpeg,sugarcane,3
111,/kaggle/input/kag2/sugarcane/sugarcane005arot.jpeg,sugarcane,3
112,/kaggle/input/kag2/sugarcane/sugarcane023a.jpeg,sugarcane,3
113,/kaggle/input/kag2/sugarcane/sugarcane029arot.jpeg,sugarcane,3
114,/kaggle/input/kag2/sugarcane/sugarcane024ahs.jpeg,sugarcane,3
115,/kaggle/input/kag2/sugarcane/sugarcane034ahf.jpeg,sugarcane,3
116,/kaggle/input/kag2/sugarcane/sugarcane036a.jpeg,sugarcane,3
117,/kaggle/input/kag2/sugarcane/sugarcane022arot.jpeg,sugarcane,3
118,/kaggle/input/kag2/sugarcane/sugarcane0002a.jpeg,sugarcane,3
119,/kaggle/input/kag2/sugarcane/sugarcane040ahf.jpeg,sugarcane,3
120,/kaggle/input/kag2/sugarcane/sugarcane035ahs.jpeg,sugarcane,3
121,/kaggle/input/kag2/sugarcane/sugarcane033arot.jpeg,sugarcane,3
122,/kaggle/input/kag2/sugarcane/sugarcane024arot.jpeg,sugarcane,3
123,/kaggle/input/kag2/sugarcane/sugarcane028arot.jpeg,sugarcane,3
124,/kaggle/input/kag2/sugarcane/sugarcane0004ahs.jpeg,sugarcane,3
125,/kaggle/input/kag2/sugarcane/sugarcane006a.jpeg,sugarcane,3
126,/kaggle/input/kag2/sugarcane/sugarcane033a.jpeg,sugarcane,3
127,/kaggle/input/kag2/sugarcane/sugarcane038ahf.jpeg,sugarcane,3
128,/kaggle/input/kag2/sugarcane/sugarcane0001a.jpeg,sugarcane,3
129,/kaggle/input/kag2/sugarcane/sugarcane040ahs.jpeg,sugarcane,3
130,/kaggle/input/kag2/sugarcane/sugarcane034arot.jpeg,sugarcane,3
131,/kaggle/input/kag2/sugarcane/sugarcane0010a.jpeg,sugarcane,3
132,/kaggle/input/kag2/sugarcane/sugarcane0011ahs.jpeg,sugarcane,3
133,/kaggle/input/kag2/sugarcane/sugarcane006ahs.jpeg,sugarcane,3
134,/kaggle/input/kag2/sugarcane/sugarcane014arot.jpeg,sugarcane,3
135,/kaggle/input/kag2/sugarcane/sugarcane009ahf.jpeg,sugarcane,3
136,/kaggle/input/kag2/sugarcane/sugarcane008ahf.jpeg,sugarcane,3
137,/kaggle/input/kag2/sugarcane/sugarcane025ahf.jpeg,sugarcane,3
138,/kaggle/input/kag2/sugarcane/sugarcane037ahf.jpeg,sugarcane,3
139,/kaggle/input/kag2/sugarcane/sugarcane007a.jpeg,sugarcane,3
140,/kaggle/input/kag2/sugarcane/sugarcane008arot.jpeg,sugarcane,3
141,/kaggle/input/kag2/sugarcane/sugarcane015arot.jpeg,sugarcane,3
142,/kaggle/input/kag2/sugarcane/sugarcane038ahs.jpeg,sugarcane,3
143,/kaggle/input/kag2/sugarcane/sugarcane006arot.jpeg,sugarcane,3
144,/kaggle/input/kag2/sugarcane/sugarcane015a.jpeg,sugarcane,3
145,/kaggle/input/kag2/sugarcane/sugarcane021a.jpeg,sugarcane,3
146,/kaggle/input/kag2/sugarcane/sugarcane013ahf.jpeg,sugarcane,3
147,/kaggle/input/kag2/sugarcane/sugarcane020arot.jpeg,sugarcane,3
148,/kaggle/input/kag2/sugarcane/sugarcane022ahf.jpeg,sugarcane,3
149,/kaggle/input/kag2/sugarcane/sugarcane032ahf.jpeg,sugarcane,3
150,/kaggle/input/kag2/sugarcane/sugarcane005a.jpeg,sugarcane,3
151,/kaggle/input/kag2/sugarcane/sugarcane018arot.jpeg,sugarcane,3
152,/kaggle/input/kag2/sugarcane/sugarcane030ahs.jpeg,sugarcane,3
153,/kaggle/input/kag2/sugarcane/sugarcane0011arot.jpeg,sugarcane,3
154,/kaggle/input/kag2/sugarcane/sugarcane021ahf.jpeg,sugarcane,3
155,/kaggle/input/kag2/sugarcane/sugarcane029ahs.jpeg,sugarcane,3
156,/kaggle/input/kag2/sugarcane/sugarcane028ahf.jpeg,sugarcane,3
157,/kaggle/input/kag2/sugarcane/sugarcane015ahf.jpeg,sugarcane,3
158,/kaggle/input/kag2/sugarcane/sugarcane019ahf.jpeg,sugarcane,3
159,/kaggle/input/kag2/wheat/wheat0004a.jpeg,wheat,4
160,/kaggle/input/kag2/wheat/wheat017a.jpeg,wheat,4
161,/kaggle/input/kag2/wheat/wheat004a.jpeg,wheat,4
162,/kaggle/input/kag2/wheat/wheat025arot.jpeg,wheat,4
163,/kaggle/input/kag2/wheat/wheat039ahs.jpeg,wheat,4
164,/kaggle/input/kag2/wheat/wheat016ahs.jpeg,wheat,4
165,/kaggle/input/kag2/wheat/wheat0004ahs.jpeg,wheat,4
166,/kaggle/input/kag2/wheat/wheat039arot.jpeg,wheat,4
167,/kaggle/input/kag2/wheat/wheat023a.jpeg,wheat,4
168,/kaggle/input/kag2/wheat/wheat019ahf.jpeg,wheat,4
169,/kaggle/input/kag2/wheat/wheat009ahs.jpeg,wheat,4
170,/kaggle/input/kag2/wheat/wheat037a.jpeg,wheat,4
171,/kaggle/input/kag2/wheat/wheat005arot.jpeg,wheat,4
172,/kaggle/input/kag2/wheat/wheat018a.jpeg,wheat,4
173,/kaggle/input/kag2/wheat/wheat009arot.jpeg,wheat,4
174,/kaggle/input/kag2/wheat/wheat019ahs.jpeg,wheat,4
175,/kaggle/input/kag2/wheat/wheat018ahf.jpeg,wheat,4
176,/kaggle/input/kag2/wheat/wheat006ahf.jpeg,wheat,4
177,/kaggle/input/kag2/wheat/wheat027arot.jpeg,wheat,4
178,/kaggle/input/kag2/wheat/wheat013arot.jpeg,wheat,4
179,/kaggle/input/kag2/wheat/wheat034ahf.jpeg,wheat,4
180,/kaggle/input/kag2/wheat/wheat011.jpeg,wheat,4
181,/kaggle/input/kag2/wheat/wheat030a.jpeg,wheat,4
182,/kaggle/input/kag2/wheat/wheat036arot.jpeg,wheat,4
183,/kaggle/input/kag2/wheat/wheat040ahs.jpeg,wheat,4
184,/kaggle/input/kag2/wheat/wheat009a.jpeg,wheat,4
185,/kaggle/input/kag2/wheat/wheat012arot.jpeg,wheat,4
186,/kaggle/input/kag2/wheat/wheat038a.jpeg,wheat,4
187,/kaggle/input/kag2/wheat/wheat016a.jpeg,wheat,4
188,/kaggle/input/kag2/wheat/wheat007ahf.jpeg,wheat,4
189,/kaggle/input/kag2/wheat/wheat007a.jpeg,wheat,4
190,/kaggle/input/kag2/wheat/wheat011hf.jpeg,wheat,4
191,/kaggle/input/kag2/wheat/wheat015ahs.jpeg,wheat,4
192,/kaggle/input/kag2/wheat/wheat026a.jpeg,wheat,4
193,/kaggle/input/kag2/wheat/wheat014ahf.jpeg,wheat,4
194,/kaggle/input/kag2/wheat/wheat032ahf.jpeg,wheat,4
195,/kaggle/input/kag2/wheat/wheat020arot.jpeg,wheat,4
196,/kaggle/input/kag2/wheat/wheat0002ahs.jpeg,wheat,4
197,/kaggle/input/kag2/wheat/wheat031ahs.jpeg,wheat,4
198,/kaggle/input/kag2/wheat/wheat035a.jpeg,wheat,4
199,/kaggle/input/kag2/wheat/wheat034a.jpeg,wheat,4
200,/kaggle/input/kag2/wheat/wheat037ahs.jpeg,wheat,4
201,/kaggle/input/kag2/wheat/wheat006ahs.jpeg,wheat,4
202,/kaggle/input/kag2/wheat/wheat013ahf.jpeg,wheat,4
203,/kaggle/input/kag2/wheat/wheat029ahs.jpeg,wheat,4
204,/kaggle/input/kag2/wheat/wheat020a.jpeg,wheat,4
205,/kaggle/input/kag2/wheat/wheat021a.jpeg,wheat,4
206,/kaggle/input/kag2/wheat/wheat003hs.jpeg,wheat,4
207,/kaggle/input/kag2/wheat/wheat0001a.jpeg,wheat,4
208,/kaggle/input/kag2/wheat/wheat014arot.jpeg,wheat,4
209,/kaggle/input/kag2/wheat/wheat031ahf.jpeg,wheat,4
210,/kaggle/input/kag2/wheat/wheat007arot.jpeg,wheat,4
211,/kaggle/input/kag2/wheat/wheat013a.jpeg,wheat,4
212,/kaggle/input/kag2/wheat/wheat040ahf.jpeg,wheat,4
213,/kaggle/input/kag2/wheat/wheat040arot.jpeg,wheat,4
214,/kaggle/input/kag2/wheat/wheat018ahs.jpeg,wheat,4
215,/kaggle/input/kag2/wheat/wheat024ahf.jpeg,wheat,4
216,/kaggle/input/kag2/wheat/wheat021arot.jpeg,wheat,4
217,/kaggle/input/kag2/wheat/wheat021ahf.jpeg,wheat,4
218,/kaggle/input/kag2/wheat/wheat004ahs.jpeg,wheat,4
219,/kaggle/input/kag2/wheat/wheat016ahf.jpeg,wheat,4
220,/kaggle/input/kag2/wheat/wheat026ahf.jpeg,wheat,4
221,/kaggle/input/kag2/wheat/wheat026arot.jpeg,wheat,4
222,/kaggle/input/kag2/wheat/wheat004ahf.jpeg,wheat,4
223,/kaggle/input/kag2/wheat/wheat0004ahf.jpeg,wheat,4
224,/kaggle/input/kag2/wheat/wheat022arot.jpeg,wheat,4
225,/kaggle/input/kag2/wheat/wheat003hf.jpeg,wheat,4
226,/kaggle/input/kag2/wheat/wheat025ahs.jpeg,wheat,4
227,/kaggle/input/kag2/wheat/wheat009ahf.jpeg,wheat,4
228,/kaggle/input/kag2/wheat/wheat033ahs.jpeg,wheat,4
229,/kaggle/input/kag2/wheat/wheat023ahs.jpeg,wheat,4
230,/kaggle/input/kag2/wheat/wheat012ahf.jpeg,wheat,4
231,/kaggle/input/kag2/wheat/wheat028arot.jpeg,wheat,4
232,/kaggle/input/kag2/wheat/wheat030ahf.jpeg,wheat,4
233,/kaggle/input/kag2/wheat/wheat008arot.jpeg,wheat,4
234,/kaggle/input/kag2/wheat/wheat005a.jpeg,wheat,4
235,/kaggle/input/kag2/wheat/wheat030ahs.jpeg,wheat,4
236,/kaggle/input/kag2/wheat/wheat033ahf.jpeg,wheat,4
237,/kaggle/input/kag2/wheat/wheat015arot.jpeg,wheat,4
238,/kaggle/input/kag2/wheat/wheat017arot.jpeg,wheat,4
239,/kaggle/input/kag2/wheat/wheat037ahf.jpeg,wheat,4
240,/kaggle/input/kag2/wheat/wheat017ahs.jpeg,wheat,4
241,/kaggle/input/kag2/wheat/wheat013ahs.jpeg,wheat,4
242,/kaggle/input/kag2/wheat/wheat039ahf.jpeg,wheat,4
243,/kaggle/input/kag2/wheat/wheat027ahf.jpeg,wheat,4
244,/kaggle/input/kag2/wheat/wheat015a.jpeg,wheat,4
245,/kaggle/input/kag2/wheat/wheat003rot.jpeg,wheat,4
246,/kaggle/input/kag2/wheat/wheat015ahf.jpeg,wheat,4
247,/kaggle/input/kag2/wheat/wheat010arot.jpeg,wheat,4
248,/kaggle/input/kag2/wheat/wheat017ahf.jpeg,wheat,4
249,/kaggle/input/kag2/wheat/wheat019arot.jpeg,wheat,4
250,/kaggle/input/kag2/wheat/wheat032arot.jpeg,wheat,4
251,/kaggle/input/kag2/wheat/wheat031a.jpeg,wheat,4
252,/kaggle/input/kag2/wheat/wheat007ahs.jpeg,wheat,4
253,/kaggle/input/kag2/wheat/wheat025a.jpeg,wheat,4
254,/kaggle/input/kag2/wheat/wheat024ahs.jpeg,wheat,4
255,/kaggle/input/kag2/wheat/wheat0001ahs.jpeg,wheat,4
256,/kaggle/input/kag2/wheat/wheat011hs.jpeg,wheat,4
257,/kaggle/input/kag2/wheat/wheat008ahs.jpeg,wheat,4
258,/kaggle/input/kag2/wheat/wheat028ahf.jpeg,wheat,4
259,/kaggle/input/kag2/wheat/wheat032a.jpeg,wheat,4
260,/kaggle/input/kag2/wheat/wheat038arot.jpeg,wheat,4
261,/kaggle/input/kag2/wheat/wheat039a.jpeg,wheat,4
262,/kaggle/input/kag2/wheat/wheat035ahf.jpeg,wheat,4
263,/kaggle/input/kag2/wheat/wheat014a.jpeg,wheat,4
264,/kaggle/input/kag2/wheat/wheat012a.jpeg,wheat,4
265,/kaggle/input/kag2/wheat/wheat040a.jpeg,wheat,4
266,/kaggle/input/kag2/wheat/wheat020ahf.jpeg,wheat,4
267,/kaggle/input/kag2/wheat/wheat022ahf.jpeg,wheat,4
268,/kaggle/input/kag2/wheat/wheat038ahs.jpeg,wheat,4
269,/kaggle/input/kag2/wheat/wheat018arot.jpeg,wheat,4
270,/kaggle/input/kag2/wheat/wheat031arot.jpeg,wheat,4
271,/kaggle/input/kag2/wheat/wheat033arot.jpeg,wheat,4
272,/kaggle/input/kag2/wheat/wheat005ahs.jpeg,wheat,4
273,/kaggle/input/kag2/wheat/wheat038ahf.jpeg,wheat,4
274,/kaggle/input/kag2/wheat/wheat036a.jpeg,wheat,4
275,/kaggle/input/kag2/wheat/wheat008a.jpeg,wheat,4
276,/kaggle/input/kag2/wheat/wheat036ahs.jpeg,wheat,4
277,/kaggle/input/kag2/wheat/wheat008ahf.jpeg,wheat,4
278,/kaggle/input/kag2/wheat/wheat030arot.jpeg,wheat,4
279,/kaggle/input/kag2/wheat/wheat0004arot.jpeg,wheat,4
280,/kaggle/input/kag2/wheat/wheat012ahs.jpeg,wheat,4
281,/kaggle/input/kag2/wheat/wheat006a.jpeg,wheat,4
282,/kaggle/input/kag2/wheat/wheat005ahf.jpeg,wheat,4
283,/kaggle/input/kag2/wheat/wheat034ahs.jpeg,wheat,4
284,/kaggle/input/kag2/wheat/wheat025ahf.jpeg,wheat,4
285,/kaggle/input/kag2/wheat/wheat034arot.jpeg,wheat,4
286,/kaggle/input/kag2/wheat/wheat022a.jpeg,wheat,4
287,/kaggle/input/kag2/wheat/wheat029ahf.jpeg,wheat,4
288,/kaggle/input/kag2/wheat/wheat0002arot.jpeg,wheat,4
289,/kaggle/input/kag2/wheat/wheat027a.jpeg,wheat,4
290,/kaggle/input/kag2/wheat/wheat010ahf.jpeg,wheat,4
291,/kaggle/input/kag2/wheat/wheat036ahf.jpeg,wheat,4
292,/kaggle/input/kag2/wheat/wheat027ahs.jpeg,wheat,4
293,/kaggle/input/kag2/wheat/wheat023ahf.jpeg,wheat,4
294,/kaggle/input/kag2/wheat/wheat035arot.jpeg,wheat,4
295,/kaggle/input/kag2/wheat/wheat033a.jpeg,wheat,4
296,/kaggle/input/kag2/wheat/wheat024arot.jpeg,wheat,4
297,/kaggle/input/kag2/wheat/wheat023arot.jpeg,wheat,4
298,/kaggle/input/kag2/wheat/wheat026ahs.jpeg,wheat,4
299,/kaggle/input/kag2/wheat/wheat016arot.jpeg,wheat,4
300,/kaggle/input/kag2/wheat/wheat010ahs.jpeg,wheat,4
301,/kaggle/input/kag2/wheat/wheat022ahs.jpeg,wheat,4
302,/kaggle/input/kag2/wheat/wheat010a.jpeg,wheat,4
303,/kaggle/input/kag2/wheat/wheat028ahs.jpeg,wheat,4
304,/kaggle/input/kag2/wheat/wheat019a.jpeg,wheat,4
305,/kaggle/input/kag2/wheat/wheat035ahs.jpeg,wheat,4
306,/kaggle/input/kag2/wheat/wheat028a.jpeg,wheat,4
307,/kaggle/input/kag2/wheat/wheat029a.jpeg,wheat,4
308,/kaggle/input/kag2/wheat/wheat024a.jpeg,wheat,4
309,/kaggle/input/kag2/wheat/wheat003.jpeg,wheat,4
310,/kaggle/input/kag2/wheat/wheat032ahs.jpeg,wheat,4
311,/kaggle/input/kag2/wheat/wheat011rot.jpeg,wheat,4
312,/kaggle/input/kag2/wheat/wheat021ahs.jpeg,wheat,4
313,/kaggle/input/kag2/wheat/wheat014ahs.jpeg,wheat,4
314,/kaggle/input/kag2/wheat/wheat0002a.jpeg,wheat,4
315,/kaggle/input/kag2/wheat/wheat037arot.jpeg,wheat,4
316,/kaggle/input/kag2/wheat/wheat004arot.jpeg,wheat,4
317,/kaggle/input/kag2/wheat/wheat020ahs.jpeg,wheat,4
318,/kaggle/input/kag2/wheat/wheat0001ahf.jpeg,wheat,4
319,/kaggle/input/kag2/wheat/wheat006arot.jpeg,wheat,4
320,/kaggle/input/kag2/wheat/wheat0002ahf.jpeg,wheat,4
321,/kaggle/input/kag2/jute/jute025ahs.jpeg,jute,0
322,/kaggle/input/kag2/jute/jute017arot.jpeg,jute,0
323,/kaggle/input/kag2/jute/jute001ahs.jpeg,jute,0
324,/kaggle/input/kag2/jute/jute032arot.jpeg,jute,0
325,/kaggle/input/kag2/jute/jute003a.jpeg,jute,0
326,/kaggle/input/kag2/jute/jute002ahf.jpeg,jute,0
327,/kaggle/input/kag2/jute/jute031arot.jpeg,jute,0
328,/kaggle/input/kag2/jute/jute033a.jpeg,jute,0
329,/kaggle/input/kag2/jute/jute028a.jpeg,jute,0
330,/kaggle/input/kag2/jute/jute026ahs.jpeg,jute,0
331,/kaggle/input/kag2/jute/jute040arot.jpeg,jute,0
332,/kaggle/input/kag2/jute/jute029ahf.jpeg,jute,0
333,/kaggle/input/kag2/jute/jute024ahf.jpeg,jute,0
334,/kaggle/input/kag2/jute/jute028arot.jpeg,jute,0
335,/kaggle/input/kag2/jute/jute016ahs.jpeg,jute,0
336,/kaggle/input/kag2/jute/jute018a.jpeg,jute,0
337,/kaggle/input/kag2/jute/jute005ahs.jpeg,jute,0
338,/kaggle/input/kag2/jute/jute007ahf.jpeg,jute,0
339,/kaggle/input/kag2/jute/jute034a.jpeg,jute,0
340,/kaggle/input/kag2/jute/jute023a.jpeg,jute,0
341,/kaggle/input/kag2/jute/jute020arot.jpeg,jute,0
342,/kaggle/input/kag2/jute/jute019arot.jpeg,jute,0
343,/kaggle/input/kag2/jute/jute005arot.jpeg,jute,0
344,/kaggle/input/kag2/jute/jute040ahf.jpeg,jute,0
345,/kaggle/input/kag2/jute/jute004ahf.jpeg,jute,0
346,/kaggle/input/kag2/jute/jute029arot.jpeg,jute,0
347,/kaggle/input/kag2/jute/jute033arot.jpeg,jute,0
348,/kaggle/input/kag2/jute/jute039ahf.jpeg,jute,0
349,/kaggle/input/kag2/jute/jute022a.jpeg,jute,0
350,/kaggle/input/kag2/jute/jute011ahs.jpeg,jute,0
351,/kaggle/input/kag2/jute/jute018arot.jpeg,jute,0
352,/kaggle/input/kag2/jute/jute018ahf.jpeg,jute,0
353,/kaggle/input/kag2/jute/jute003ahs.jpeg,jute,0
354,/kaggle/input/kag2/jute/jute014ahf.jpeg,jute,0
355,/kaggle/input/kag2/jute/jute002a.jpeg,jute,0
356,/kaggle/input/kag2/jute/jute025ahf.jpeg,jute,0
357,/kaggle/input/kag2/jute/jute017ahs.jpeg,jute,0
358,/kaggle/input/kag2/jute/jute026a.jpeg,jute,0
359,/kaggle/input/kag2/jute/jute008ahf.jpeg,jute,0
360,/kaggle/input/kag2/jute/jute011ahf.jpeg,jute,0
361,/kaggle/input/kag2/jute/jute030a.jpeg,jute,0
362,/kaggle/input/kag2/jute/jute031ahs.jpeg,jute,0
363,/kaggle/input/kag2/jute/jute022arot.jpeg,jute,0
364,/kaggle/input/kag2/jute/jute039arot.jpeg,jute,0
365,/kaggle/input/kag2/jute/jute006a.jpeg,jute,0
366,/kaggle/input/kag2/jute/jute022ahf.jpeg,jute,0
367,/kaggle/input/kag2/jute/jute019ahf.jpeg,jute,0
368,/kaggle/input/kag2/jute/jute010ahf.jpeg,jute,0
369,/kaggle/input/kag2/jute/jute008arot.jpeg,jute,0
370,/kaggle/input/kag2/jute/jute032ahs.jpeg,jute,0
371,/kaggle/input/kag2/jute/jute031a.jpeg,jute,0
372,/kaggle/input/kag2/jute/jute037ahs.jpeg,jute,0
373,/kaggle/input/kag2/jute/jute003ahf.jpeg,jute,0
374,/kaggle/input/kag2/jute/jute007a.jpeg,jute,0
375,/kaggle/input/kag2/jute/jute004ahs.jpeg,jute,0
376,/kaggle/input/kag2/jute/jute020ahs.jpeg,jute,0
377,/kaggle/input/kag2/jute/jute021arot.jpeg,jute,0
378,/kaggle/input/kag2/jute/jute023arot.jpeg,jute,0
379,/kaggle/input/kag2/jute/jute010ahs.jpeg,jute,0
380,/kaggle/input/kag2/jute/jute038ahf.jpeg,jute,0
381,/kaggle/input/kag2/jute/jute037arot.jpeg,jute,0
382,/kaggle/input/kag2/jute/jute016arot.jpeg,jute,0
383,/kaggle/input/kag2/jute/jute009arot.jpeg,jute,0
384,/kaggle/input/kag2/jute/jute031ahf.jpeg,jute,0
385,/kaggle/input/kag2/jute/jute030arot.jpeg,jute,0
386,/kaggle/input/kag2/jute/jute027ahs.jpeg,jute,0
387,/kaggle/input/kag2/jute/jute029ahs.jpeg,jute,0
388,/kaggle/input/kag2/jute/jute034ahs.jpeg,jute,0
389,/kaggle/input/kag2/jute/jute036arot.jpeg,jute,0
390,/kaggle/input/kag2/jute/jute030ahs.jpeg,jute,0
391,/kaggle/input/kag2/jute/jute016ahf.jpeg,jute,0
392,/kaggle/input/kag2/jute/jute018ahs.jpeg,jute,0
393,/kaggle/input/kag2/jute/jute026ahf.jpeg,jute,0
394,/kaggle/input/kag2/jute/jute023ahs.jpeg,jute,0
395,/kaggle/input/kag2/jute/jute009a.jpeg,jute,0
396,/kaggle/input/kag2/jute/jute012a.jpeg,jute,0
397,/kaggle/input/kag2/jute/jute027arot.jpeg,jute,0
398,/kaggle/input/kag2/jute/jute023ahf.jpeg,jute,0
399,/kaggle/input/kag2/jute/jute022ahs.jpeg,jute,0
400,/kaggle/input/kag2/jute/jute032ahf.jpeg,jute,0
401,/kaggle/input/kag2/jute/jute015ahf.jpeg,jute,0
402,/kaggle/input/kag2/jute/jute013ahf.jpeg,jute,0
403,/kaggle/input/kag2/jute/jute014a.jpeg,jute,0
404,/kaggle/input/kag2/jute/jute027a.jpeg,jute,0
405,/kaggle/input/kag2/jute/jute014arot.jpeg,jute,0
406,/kaggle/input/kag2/jute/jute015arot.jpeg,jute,0
407,/kaggle/input/kag2/jute/jute003arot.jpeg,jute,0
408,/kaggle/input/kag2/jute/jute035a.jpeg,jute,0
409,/kaggle/input/kag2/jute/jute001a.jpeg,jute,0
410,/kaggle/input/kag2/jute/jute002arot.jpeg,jute,0
411,/kaggle/input/kag2/jute/jute035ahs.jpeg,jute,0
412,/kaggle/input/kag2/jute/jute033ahs.jpeg,jute,0
413,/kaggle/input/kag2/jute/jute033ahf.jpeg,jute,0
414,/kaggle/input/kag2/jute/jute013a.jpeg,jute,0
415,/kaggle/input/kag2/jute/jute020ahf.jpeg,jute,0
416,/kaggle/input/kag2/jute/jute006ahf.jpeg,jute,0
417,/kaggle/input/kag2/jute/jute007arot.jpeg,jute,0
418,/kaggle/input/kag2/jute/jute032a.jpeg,jute,0
419,/kaggle/input/kag2/jute/jute011arot.jpeg,jute,0
420,/kaggle/input/kag2/jute/jute001ahf.jpeg,jute,0
421,/kaggle/input/kag2/jute/jute004a.jpeg,jute,0
422,/kaggle/input/kag2/jute/jute024a.jpeg,jute,0
423,/kaggle/input/kag2/jute/jute021ahs.jpeg,jute,0
424,/kaggle/input/kag2/jute/jute024ahs.jpeg,jute,0
425,/kaggle/input/kag2/jute/jute036ahf.jpeg,jute,0
426,/kaggle/input/kag2/jute/jute009ahf.jpeg,jute,0
427,/kaggle/input/kag2/jute/jute016a.jpeg,jute,0
428,/kaggle/input/kag2/jute/jute021a.jpeg,jute,0
429,/kaggle/input/kag2/jute/jute038ahs.jpeg,jute,0
430,/kaggle/input/kag2/jute/jute004arot.jpeg,jute,0
431,/kaggle/input/kag2/jute/jute037a.jpeg,jute,0
432,/kaggle/input/kag2/jute/jute035arot.jpeg,jute,0
433,/kaggle/input/kag2/jute/jute038a.jpeg,jute,0
434,/kaggle/input/kag2/jute/jute012ahf.jpeg,jute,0
435,/kaggle/input/kag2/jute/jute029a.jpeg,jute,0
436,/kaggle/input/kag2/jute/jute013arot.jpeg,jute,0
437,/kaggle/input/kag2/jute/jute028ahs.jpeg,jute,0
438,/kaggle/input/kag2/jute/jute027ahf.jpeg,jute,0
439,/kaggle/input/kag2/jute/jute026arot.jpeg,jute,0
440,/kaggle/input/kag2/jute/jute025arot.jpeg,jute,0
441,/kaggle/input/kag2/jute/jute024arot.jpeg,jute,0
442,/kaggle/input/kag2/jute/jute006arot.jpeg,jute,0
443,/kaggle/input/kag2/jute/jute014ahs.jpeg,jute,0
444,/kaggle/input/kag2/jute/jute005a.jpeg,jute,0
445,/kaggle/input/kag2/jute/jute036a.jpeg,jute,0
446,/kaggle/input/kag2/jute/jute039ahs.jpeg,jute,0
447,/kaggle/input/kag2/jute/jute037ahf.jpeg,jute,0
448,/kaggle/input/kag2/jute/jute021ahf.jpeg,jute,0
449,/kaggle/input/kag2/jute/jute025a.jpeg,jute,0
450,/kaggle/input/kag2/jute/jute006ahs.jpeg,jute,0
451,/kaggle/input/kag2/jute/jute011a.jpeg,jute,0
452,/kaggle/input/kag2/jute/jute017ahf.jpeg,jute,0
453,/kaggle/input/kag2/jute/jute002ahs.jpeg,jute,0
454,/kaggle/input/kag2/jute/jute040a.jpeg,jute,0
455,/kaggle/input/kag2/jute/jute035ahf.jpeg,jute,0
456,/kaggle/input/kag2/jute/jute039a.jpeg,jute,0
457,/kaggle/input/kag2/jute/jute015ahs.jpeg,jute,0
458,/kaggle/input/kag2/jute/jute009ahs.jpeg,jute,0
459,/kaggle/input/kag2/jute/jute028ahf.jpeg,jute,0
460,/kaggle/input/kag2/jute/jute007ahs.jpeg,jute,0
461,/kaggle/input/kag2/jute/jute034arot.jpeg,jute,0
462,/kaggle/input/kag2/jute/jute017a.jpeg,jute,0
463,/kaggle/input/kag2/jute/jute008a.jpeg,jute,0
464,/kaggle/input/kag2/jute/jute034ahf.jpeg,jute,0
465,/kaggle/input/kag2/jute/jute010arot.jpeg,jute,0
466,/kaggle/input/kag2/jute/jute015a.jpeg,jute,0
467,/kaggle/input/kag2/jute/jute008ahs.jpeg,jute,0
468,/kaggle/input/kag2/jute/jute019ahs.jpeg,jute,0
469,/kaggle/input/kag2/jute/jute010a.jpeg,jute,0
470,/kaggle/input/kag2/jute/jute012ahs.jpeg,jute,0
471,/kaggle/input/kag2/jute/jute005ahf.jpeg,jute,0
472,/kaggle/input/kag2/jute/jute038arot.jpeg,jute,0
473,/kaggle/input/kag2/jute/jute030ahf.jpeg,jute,0
474,/kaggle/input/kag2/jute/jute040ahs.jpeg,jute,0
475,/kaggle/input/kag2/jute/jute012arot.jpeg,jute,0
476,/kaggle/input/kag2/jute/jute020a.jpeg,jute,0
477,/kaggle/input/kag2/jute/jute036ahs.jpeg,jute,0
478,/kaggle/input/kag2/jute/jute019a.jpeg,jute,0
479,/kaggle/input/kag2/jute/jute013ahs.jpeg,jute,0
480,/kaggle/input/kag2/maize/maize020ahf.jpeg,maize,1
481,/kaggle/input/kag2/maize/maize035ahf.jpeg,maize,1
482,/kaggle/input/kag2/maize/maize021ahf.jpeg,maize,1
483,/kaggle/input/kag2/maize/maize022arot.jpeg,maize,1
484,/kaggle/input/kag2/maize/maize014hs.jpeg,maize,1
485,/kaggle/input/kag2/maize/maize011ahs.jpeg,maize,1
486,/kaggle/input/kag2/maize/maize008a.jpeg,maize,1
487,/kaggle/input/kag2/maize/maize016ahf.jpeg,maize,1
488,/kaggle/input/kag2/maize/maize021ahs.jpeg,maize,1
489,/kaggle/input/kag2/maize/maize011ahf.jpeg,maize,1
490,/kaggle/input/kag2/maize/maize039a.jpeg,maize,1
491,/kaggle/input/kag2/maize/maize031arot.jpeg,maize,1
492,/kaggle/input/kag2/maize/maize028arot.jpeg,maize,1
493,/kaggle/input/kag2/maize/maize029arot.jpeg,maize,1
494,/kaggle/input/kag2/maize/maize037ahs.jpeg,maize,1
495,/kaggle/input/kag2/maize/maize020ahs.jpeg,maize,1
496,/kaggle/input/kag2/maize/maize007hs.jpeg,maize,1
497,/kaggle/input/kag2/maize/maize031ahf.jpeg,maize,1
498,/kaggle/input/kag2/maize/maize017ahs.jpeg,maize,1
499,/kaggle/input/kag2/maize/maize019a.jpeg,maize,1
500,/kaggle/input/kag2/maize/maize032a.jpeg,maize,1
501,/kaggle/input/kag2/maize/maize018a.jpeg,maize,1
502,/kaggle/input/kag2/maize/maize013ahs.jpeg,maize,1
503,/kaggle/input/kag2/maize/maize024arot.jpeg,maize,1
504,/kaggle/input/kag2/maize/maize001ahs.jpeg,maize,1
505,/kaggle/input/kag2/maize/maize015ahs.jpeg,maize,1
506,/kaggle/input/kag2/maize/maize003ahs.jpeg,maize,1
507,/kaggle/input/kag2/maize/maize004ahs.jpeg,maize,1
508,/kaggle/input/kag2/maize/maize025arot.jpeg,maize,1
509,/kaggle/input/kag2/maize/maize035arot.jpeg,maize,1
510,/kaggle/input/kag2/maize/maize037a.jpeg,maize,1
511,/kaggle/input/kag2/maize/maize019ahs.jpeg,maize,1
512,/kaggle/input/kag2/maize/maize030ahf.jpeg,maize,1
513,/kaggle/input/kag2/maize/maize005arot.jpeg,maize,1
514,/kaggle/input/kag2/maize/maize019arot.jpeg,maize,1
515,/kaggle/input/kag2/maize/maize027ahf.jpeg,maize,1
516,/kaggle/input/kag2/maize/maize038ahs.jpeg,maize,1
517,/kaggle/input/kag2/maize/maize036a.jpeg,maize,1
518,/kaggle/input/kag2/maize/maize016ahs.jpeg,maize,1
519,/kaggle/input/kag2/maize/maize002arot.jpeg,maize,1
520,/kaggle/input/kag2/maize/maize015arot.jpeg,maize,1
521,/kaggle/input/kag2/maize/maize014hf.jpeg,maize,1
522,/kaggle/input/kag2/maize/maize009a.jpeg,maize,1
523,/kaggle/input/kag2/maize/maize012ahf.jpeg,maize,1
524,/kaggle/input/kag2/maize/maize039arot.jpeg,maize,1
525,/kaggle/input/kag2/maize/maize032ahf.jpeg,maize,1
526,/kaggle/input/kag2/maize/maize023a.jpeg,maize,1
527,/kaggle/input/kag2/maize/maize009arot.jpeg,maize,1
528,/kaggle/input/kag2/maize/maize020arot.jpeg,maize,1
529,/kaggle/input/kag2/maize/maize034a.jpeg,maize,1
530,/kaggle/input/kag2/maize/maize012arot.jpeg,maize,1
531,/kaggle/input/kag2/maize/maize026ahs.jpeg,maize,1
532,/kaggle/input/kag2/maize/maize006rot.jpeg,maize,1
533,/kaggle/input/kag2/maize/maize025ahs.jpeg,maize,1
534,/kaggle/input/kag2/maize/maize027a.jpeg,maize,1
535,/kaggle/input/kag2/maize/maize015ahf.jpeg,maize,1
536,/kaggle/input/kag2/maize/maize033ahs.jpeg,maize,1
537,/kaggle/input/kag2/maize/maize017a.jpeg,maize,1
538,/kaggle/input/kag2/maize/maize035a.jpeg,maize,1
539,/kaggle/input/kag2/maize/maize028ahf.jpeg,maize,1
540,/kaggle/input/kag2/maize/maize010a.jpeg,maize,1
541,/kaggle/input/kag2/maize/maize020a.jpeg,maize,1
542,/kaggle/input/kag2/maize/maize031ahs.jpeg,maize,1
543,/kaggle/input/kag2/maize/maize022ahf.jpeg,maize,1
544,/kaggle/input/kag2/maize/maize030ahs.jpeg,maize,1
545,/kaggle/input/kag2/maize/maize033ahf.jpeg,maize,1
546,/kaggle/input/kag2/maize/maize007.jpeg,maize,1
547,/kaggle/input/kag2/maize/maize002ahf.jpeg,maize,1
548,/kaggle/input/kag2/maize/maize039ahf.jpeg,maize,1
549,/kaggle/input/kag2/maize/maize012ahs.jpeg,maize,1
550,/kaggle/input/kag2/maize/maize018ahf.jpeg,maize,1
551,/kaggle/input/kag2/maize/maize021a.jpeg,maize,1
552,/kaggle/input/kag2/maize/maize029a.jpeg,maize,1
553,/kaggle/input/kag2/maize/maize035ahs.jpeg,maize,1
554,/kaggle/input/kag2/maize/maize033arot.jpeg,maize,1
555,/kaggle/input/kag2/maize/maize025ahf.jpeg,maize,1
556,/kaggle/input/kag2/maize/maize018arot.jpeg,maize,1
557,/kaggle/input/kag2/maize/maize009ahf.jpeg,maize,1
558,/kaggle/input/kag2/maize/maize024a.jpeg,maize,1
559,/kaggle/input/kag2/maize/maize008arot.jpeg,maize,1
560,/kaggle/input/kag2/maize/maize024ahs.jpeg,maize,1
561,/kaggle/input/kag2/maize/maize018ahs.jpeg,maize,1
562,/kaggle/input/kag2/maize/maize040arot.jpeg,maize,1
563,/kaggle/input/kag2/maize/maize038arot.jpeg,maize,1
564,/kaggle/input/kag2/maize/maize002a.jpeg,maize,1
565,/kaggle/input/kag2/maize/maize024ahf.jpeg,maize,1
566,/kaggle/input/kag2/maize/maize011a.jpeg,maize,1
567,/kaggle/input/kag2/maize/maize023arot.jpeg,maize,1
568,/kaggle/input/kag2/maize/maize004ahf.jpeg,maize,1
569,/kaggle/input/kag2/maize/maize030a.jpeg,maize,1
570,/kaggle/input/kag2/maize/maize030arot.jpeg,maize,1
571,/kaggle/input/kag2/maize/maize032ahs.jpeg,maize,1
572,/kaggle/input/kag2/maize/maize034ahs.jpeg,maize,1
573,/kaggle/input/kag2/maize/maize005ahs.jpeg,maize,1
574,/kaggle/input/kag2/maize/maize006.jpeg,maize,1
575,/kaggle/input/kag2/maize/maize032arot.jpeg,maize,1
576,/kaggle/input/kag2/maize/maize006hf.jpeg,maize,1
577,/kaggle/input/kag2/maize/maize023ahs.jpeg,maize,1
578,/kaggle/input/kag2/maize/maize028ahs.jpeg,maize,1
579,/kaggle/input/kag2/maize/maize034ahf.jpeg,maize,1
580,/kaggle/input/kag2/maize/maize002ahs.jpeg,maize,1
581,/kaggle/input/kag2/maize/maize039ahs.jpeg,maize,1
582,/kaggle/input/kag2/maize/maize016a.jpeg,maize,1
583,/kaggle/input/kag2/maize/maize025a.jpeg,maize,1
584,/kaggle/input/kag2/maize/maize009ahs.jpeg,maize,1
585,/kaggle/input/kag2/maize/maize005a.jpeg,maize,1
586,/kaggle/input/kag2/maize/maize031a.jpeg,maize,1
587,/kaggle/input/kag2/maize/maize026a.jpeg,maize,1
588,/kaggle/input/kag2/maize/maize040ahf.jpeg,maize,1
589,/kaggle/input/kag2/maize/maize003a.jpeg,maize,1
590,/kaggle/input/kag2/maize/maize036ahs.jpeg,maize,1
591,/kaggle/input/kag2/maize/maize036ahf.jpeg,maize,1
592,/kaggle/input/kag2/maize/maize013a.jpeg,maize,1
593,/kaggle/input/kag2/maize/maize026arot.jpeg,maize,1
594,/kaggle/input/kag2/maize/maize007hf.jpeg,maize,1
595,/kaggle/input/kag2/maize/maize013arot.jpeg,maize,1
596,/kaggle/input/kag2/maize/maize005ahf.jpeg,maize,1
597,/kaggle/input/kag2/maize/maize040ahs.jpeg,maize,1
598,/kaggle/input/kag2/maize/maize006hs.jpeg,maize,1
599,/kaggle/input/kag2/maize/maize014.jpeg,maize,1
600,/kaggle/input/kag2/maize/maize034arot.jpeg,maize,1
601,/kaggle/input/kag2/maize/maize026ahf.jpeg,maize,1
602,/kaggle/input/kag2/maize/maize010ahf.jpeg,maize,1
603,/kaggle/input/kag2/maize/maize028a.jpeg,maize,1
604,/kaggle/input/kag2/maize/maize001arot.jpeg,maize,1
605,/kaggle/input/kag2/maize/maize003ahf.jpeg,maize,1
606,/kaggle/input/kag2/maize/maize037ahf.jpeg,maize,1
607,/kaggle/input/kag2/maize/maize001a.jpeg,maize,1
608,/kaggle/input/kag2/maize/maize014rot.jpeg,maize,1
609,/kaggle/input/kag2/maize/maize001ahf.jpeg,maize,1
610,/kaggle/input/kag2/maize/maize022ahs.jpeg,maize,1
611,/kaggle/input/kag2/maize/maize015a.jpeg,maize,1
612,/kaggle/input/kag2/maize/maize017arot.jpeg,maize,1
613,/kaggle/input/kag2/maize/maize013ahf.jpeg,maize,1
614,/kaggle/input/kag2/maize/maize038ahf.jpeg,maize,1
615,/kaggle/input/kag2/maize/maize033a.jpeg,maize,1
616,/kaggle/input/kag2/maize/maize016arot.jpeg,maize,1
617,/kaggle/input/kag2/maize/maize029ahf.jpeg,maize,1
618,/kaggle/input/kag2/maize/maize027ahs.jpeg,maize,1
619,/kaggle/input/kag2/maize/maize029ahs.jpeg,maize,1
620,/kaggle/input/kag2/maize/maize012a.jpeg,maize,1
621,/kaggle/input/kag2/maize/maize022a.jpeg,maize,1
622,/kaggle/input/kag2/maize/maize007rot.jpeg,maize,1
623,/kaggle/input/kag2/maize/maize010arot.jpeg,maize,1
624,/kaggle/input/kag2/maize/maize019ahf.jpeg,maize,1
625,/kaggle/input/kag2/maize/maize017ahf.jpeg,maize,1
626,/kaggle/input/kag2/maize/maize027arot.jpeg,maize,1
627,/kaggle/input/kag2/maize/maize021arot.jpeg,maize,1
628,/kaggle/input/kag2/maize/maize038a.jpeg,maize,1
629,/kaggle/input/kag2/maize/maize008ahf.jpeg,maize,1
630,/kaggle/input/kag2/maize/maize023ahf.jpeg,maize,1
631,/kaggle/input/kag2/maize/maize010ahs.jpeg,maize,1
632,/kaggle/input/kag2/maize/maize011arot.jpeg,maize,1
633,/kaggle/input/kag2/maize/maize008ahs.jpeg,maize,1
634,/kaggle/input/kag2/maize/maize004arot.jpeg,maize,1
635,/kaggle/input/kag2/maize/maize004a.jpeg,maize,1
636,/kaggle/input/kag2/maize/maize003arot.jpeg,maize,1
637,/kaggle/input/kag2/maize/maize037arot.jpeg,maize,1
638,/kaggle/input/kag2/maize/maize040a.jpeg,maize,1
639,/kaggle/input/kag2/rice/rice024ahs.jpeg,rice,2
640,/kaggle/input/kag2/rice/rice025arot.jpeg,rice,2
641,/kaggle/input/kag2/rice/rice002a.jpeg,rice,2
642,/kaggle/input/kag2/rice/rice023arot.jpeg,rice,2
643,/kaggle/input/kag2/rice/rice006a.jpeg,rice,2
644,/kaggle/input/kag2/rice/rice018ahf.jpeg,rice,2
645,/kaggle/input/kag2/rice/rice008a.jpeg,rice,2
646,/kaggle/input/kag2/rice/rice013ahf.jpeg,rice,2
647,/kaggle/input/kag2/rice/rice037arot.jpeg,rice,2
648,/kaggle/input/kag2/rice/rice020ahs.jpeg,rice,2
649,/kaggle/input/kag2/rice/rice027ahs.jpeg,rice,2
650,/kaggle/input/kag2/rice/rice033ahf.jpeg,rice,2
651,/kaggle/input/kag2/rice/rice039ahs.jpeg,rice,2
652,/kaggle/input/kag2/rice/rice010arot.jpeg,rice,2
653,/kaggle/input/kag2/rice/rice033a.jpeg,rice,2
654,/kaggle/input/kag2/rice/rice017a.jpeg,rice,2
655,/kaggle/input/kag2/rice/rice037a.jpeg,rice,2
656,/kaggle/input/kag2/rice/rice001ahs.jpeg,rice,2
657,/kaggle/input/kag2/rice/rice010ahf.jpeg,rice,2
658,/kaggle/input/kag2/rice/rice037ahf.jpeg,rice,2
659,/kaggle/input/kag2/rice/rice014arot.jpeg,rice,2
660,/kaggle/input/kag2/rice/rice011ahf.jpeg,rice,2
661,/kaggle/input/kag2/rice/rice024a.jpeg,rice,2
662,/kaggle/input/kag2/rice/rice019a.jpeg,rice,2
663,/kaggle/input/kag2/rice/rice035ahs.jpeg,rice,2
664,/kaggle/input/kag2/rice/rice001ahf.jpeg,rice,2
665,/kaggle/input/kag2/rice/rice002ahf.jpeg,rice,2
666,/kaggle/input/kag2/rice/rice012ahf.jpeg,rice,2
667,/kaggle/input/kag2/rice/rice013a.jpeg,rice,2
668,/kaggle/input/kag2/rice/rice012a.jpeg,rice,2
669,/kaggle/input/kag2/rice/rice015ahf.jpeg,rice,2
670,/kaggle/input/kag2/rice/rice033ahs.jpeg,rice,2
671,/kaggle/input/kag2/rice/rice036arot.jpeg,rice,2
672,/kaggle/input/kag2/rice/rice009ahf.jpeg,rice,2
673,/kaggle/input/kag2/rice/rice011a.jpeg,rice,2
674,/kaggle/input/kag2/rice/rice005arot.jpeg,rice,2
675,/kaggle/input/kag2/rice/rice026ahs.jpeg,rice,2
676,/kaggle/input/kag2/rice/rice021a.jpeg,rice,2
677,/kaggle/input/kag2/rice/rice022a.jpeg,rice,2
678,/kaggle/input/kag2/rice/rice024arot.jpeg,rice,2
679,/kaggle/input/kag2/rice/rice034ahs.jpeg,rice,2
680,/kaggle/input/kag2/rice/rice005ahf.jpeg,rice,2
681,/kaggle/input/kag2/rice/rice036a.jpeg,rice,2
682,/kaggle/input/kag2/rice/rice012ahs.jpeg,rice,2
683,/kaggle/input/kag2/rice/rice001a.jpeg,rice,2
684,/kaggle/input/kag2/rice/rice028ahs.jpeg,rice,2
685,/kaggle/input/kag2/rice/rice031ahs.jpeg,rice,2
686,/kaggle/input/kag2/rice/rice029arot.jpeg,rice,2
687,/kaggle/input/kag2/rice/rice005a.jpeg,rice,2
688,/kaggle/input/kag2/rice/rice007a.jpeg,rice,2
689,/kaggle/input/kag2/rice/rice029a.jpeg,rice,2
690,/kaggle/input/kag2/rice/rice003arot.jpeg,rice,2
691,/kaggle/input/kag2/rice/rice031arot.jpeg,rice,2
692,/kaggle/input/kag2/rice/rice004arot.jpeg,rice,2
693,/kaggle/input/kag2/rice/rice007arot.jpeg,rice,2
694,/kaggle/input/kag2/rice/rice007ahs.jpeg,rice,2
695,/kaggle/input/kag2/rice/rice040ahf.jpeg,rice,2
696,/kaggle/input/kag2/rice/rice028a.jpeg,rice,2
697,/kaggle/input/kag2/rice/rice014a.jpeg,rice,2
698,/kaggle/input/kag2/rice/rice038arot.jpeg,rice,2
699,/kaggle/input/kag2/rice/rice002ahs.jpeg,rice,2
700,/kaggle/input/kag2/rice/rice019ahf.jpeg,rice,2
701,/kaggle/input/kag2/rice/rice036ahs.jpeg,rice,2
702,/kaggle/input/kag2/rice/rice003a.jpeg,rice,2
703,/kaggle/input/kag2/rice/rice029ahf.jpeg,rice,2
704,/kaggle/input/kag2/rice/rice038a.jpeg,rice,2
705,/kaggle/input/kag2/rice/rice004ahf.jpeg,rice,2
706,/kaggle/input/kag2/rice/rice023a.jpeg,rice,2
707,/kaggle/input/kag2/rice/rice039a.jpeg,rice,2
708,/kaggle/input/kag2/rice/rice003ahs.jpeg,rice,2
709,/kaggle/input/kag2/rice/rice023ahs.jpeg,rice,2
710,/kaggle/input/kag2/rice/rice008ahf.jpeg,rice,2
711,/kaggle/input/kag2/rice/rice025ahf.jpeg,rice,2
712,/kaggle/input/kag2/rice/rice030ahf.jpeg,rice,2
713,/kaggle/input/kag2/rice/rice017ahs.jpeg,rice,2
714,/kaggle/input/kag2/rice/rice031a.jpeg,rice,2
715,/kaggle/input/kag2/rice/rice026ahf.jpeg,rice,2
716,/kaggle/input/kag2/rice/rice040ahs.jpeg,rice,2
717,/kaggle/input/kag2/rice/rice005ahs.jpeg,rice,2
718,/kaggle/input/kag2/rice/rice010a.jpeg,rice,2
719,/kaggle/input/kag2/rice/rice030a.jpeg,rice,2
720,/kaggle/input/kag2/rice/rice009a.jpeg,rice,2
721,/kaggle/input/kag2/rice/rice029ahs.jpeg,rice,2
722,/kaggle/input/kag2/rice/rice003ahf.jpeg,rice,2
723,/kaggle/input/kag2/rice/rice013ahs.jpeg,rice,2
724,/kaggle/input/kag2/rice/rice016ahs.jpeg,rice,2
725,/kaggle/input/kag2/rice/rice022ahf.jpeg,rice,2
726,/kaggle/input/kag2/rice/rice013arot.jpeg,rice,2
727,/kaggle/input/kag2/rice/rice032ahs.jpeg,rice,2
728,/kaggle/input/kag2/rice/rice036ahf.jpeg,rice,2
729,/kaggle/input/kag2/rice/rice027ahf.jpeg,rice,2
730,/kaggle/input/kag2/rice/rice037ahs.jpeg,rice,2
731,/kaggle/input/kag2/rice/rice006arot.jpeg,rice,2
732,/kaggle/input/kag2/rice/rice012arot.jpeg,rice,2
733,/kaggle/input/kag2/rice/rice039ahf.jpeg,rice,2
734,/kaggle/input/kag2/rice/rice040a.jpeg,rice,2
735,/kaggle/input/kag2/rice/rice017arot.jpeg,rice,2
736,/kaggle/input/kag2/rice/rice028ahf.jpeg,rice,2
737,/kaggle/input/kag2/rice/rice034ahf.jpeg,rice,2
738,/kaggle/input/kag2/rice/rice020arot.jpeg,rice,2
739,/kaggle/input/kag2/rice/rice025a.jpeg,rice,2
740,/kaggle/input/kag2/rice/rice004a.jpeg,rice,2
741,/kaggle/input/kag2/rice/rice032ahf.jpeg,rice,2
742,/kaggle/input/kag2/rice/rice026arot.jpeg,rice,2
743,/kaggle/input/kag2/rice/rice016a.jpeg,rice,2
744,/kaggle/input/kag2/rice/rice025ahs.jpeg,rice,2
745,/kaggle/input/kag2/rice/rice039arot.jpeg,rice,2
746,/kaggle/input/kag2/rice/rice023ahf.jpeg,rice,2
747,/kaggle/input/kag2/rice/rice040arot.jpeg,rice,2
748,/kaggle/input/kag2/rice/rice019ahs.jpeg,rice,2
749,/kaggle/input/kag2/rice/rice007ahf.jpeg,rice,2
750,/kaggle/input/kag2/rice/rice035arot.jpeg,rice,2
751,/kaggle/input/kag2/rice/rice028arot.jpeg,rice,2
752,/kaggle/input/kag2/rice/rice026a.jpeg,rice,2
753,/kaggle/input/kag2/rice/rice008ahs.jpeg,rice,2
754,/kaggle/input/kag2/rice/rice032arot.jpeg,rice,2
755,/kaggle/input/kag2/rice/rice024ahf.jpeg,rice,2
756,/kaggle/input/kag2/rice/rice035a.jpeg,rice,2
757,/kaggle/input/kag2/rice/rice022ahs.jpeg,rice,2
758,/kaggle/input/kag2/rice/rice030arot.jpeg,rice,2
759,/kaggle/input/kag2/rice/rice011arot.jpeg,rice,2
760,/kaggle/input/kag2/rice/rice011ahs.jpeg,rice,2
761,/kaggle/input/kag2/rice/rice034arot.jpeg,rice,2
762,/kaggle/input/kag2/rice/rice021ahf.jpeg,rice,2
763,/kaggle/input/kag2/rice/rice014ahs.jpeg,rice,2
764,/kaggle/input/kag2/rice/rice006ahf.jpeg,rice,2
765,/kaggle/input/kag2/rice/rice008arot.jpeg,rice,2
766,/kaggle/input/kag2/rice/rice009arot.jpeg,rice,2
767,/kaggle/input/kag2/rice/rice016arot.jpeg,rice,2
768,/kaggle/input/kag2/rice/rice010ahs.jpeg,rice,2
769,/kaggle/input/kag2/rice/rice021arot.jpeg,rice,2
770,/kaggle/input/kag2/rice/rice018arot.jpeg,rice,2
771,/kaggle/input/kag2/rice/rice020a.jpeg,rice,2
772,/kaggle/input/kag2/rice/rice009ahs.jpeg,rice,2
773,/kaggle/input/kag2/rice/rice027arot.jpeg,rice,2
774,/kaggle/input/kag2/rice/rice017ahf.jpeg,rice,2
775,/kaggle/input/kag2/rice/rice001arot.jpeg,rice,2
776,/kaggle/input/kag2/rice/rice033arot.jpeg,rice,2
777,/kaggle/input/kag2/rice/rice020ahf.jpeg,rice,2
778,/kaggle/input/kag2/rice/rice015ahs.jpeg,rice,2
779,/kaggle/input/kag2/rice/rice015arot.jpeg,rice,2
780,/kaggle/input/kag2/rice/rice014ahf.jpeg,rice,2
781,/kaggle/input/kag2/rice/rice038ahf.jpeg,rice,2
782,/kaggle/input/kag2/rice/rice006ahs.jpeg,rice,2
783,/kaggle/input/kag2/rice/rice004ahs.jpeg,rice,2
784,/kaggle/input/kag2/rice/rice018a.jpeg,rice,2
785,/kaggle/input/kag2/rice/rice035ahf.jpeg,rice,2
786,/kaggle/input/kag2/rice/rice030ahs.jpeg,rice,2
787,/kaggle/input/kag2/rice/rice021ahs.jpeg,rice,2
788,/kaggle/input/kag2/rice/rice016ahf.jpeg,rice,2
789,/kaggle/input/kag2/rice/rice027a.jpeg,rice,2
790,/kaggle/input/kag2/rice/rice031ahf.jpeg,rice,2
791,/kaggle/input/kag2/rice/rice022arot.jpeg,rice,2
792,/kaggle/input/kag2/rice/rice015a.jpeg,rice,2
793,/kaggle/input/kag2/rice/rice034a.jpeg,rice,2
794,/kaggle/input/kag2/rice/rice019arot.jpeg,rice,2
795,/kaggle/input/kag2/rice/rice038ahs.jpeg,rice,2
796,/kaggle/input/kag2/rice/rice018ahs.jpeg,rice,2
797,/kaggle/input/kag2/rice/rice032a.jpeg,rice,2
798,/kaggle/input/crop_images/sugarcane/sugarcane034a.jpeg,sugarcane,3
799,/kaggle/input/crop_images/sugarcane/sugarcane026a.jpeg,sugarcane,3
800,/kaggle/input/crop_images/sugarcane/sugarcane014a.jpeg,sugarcane,3
801,/kaggle/input/crop_images/sugarcane/sugarcane028a.jpeg,sugarcane,3
802,/kaggle/input/crop_images/sugarcane/sugarcane027a.jpeg,sugarcane,3
803,/kaggle/input/crop_images/sugarcane/sugarcane009a.jpeg,sugarcane,3
804,/kaggle/input/crop_images/sugarcane/sugarcane031a.jpeg,sugarcane,3
805,/kaggle/input/crop_images/sugarcane/sugarcane016a.jpeg,sugarcane,3
806,/kaggle/input/crop_images/sugarcane/sugarcane0011a.jpeg,sugarcane,3
807,/kaggle/input/crop_images/sugarcane/sugarcane030a.jpeg,sugarcane,3
808,/kaggle/input/crop_images/sugarcane/sugarcane040a.jpeg,sugarcane,3
809,/kaggle/input/crop_images/sugarcane/sugarcane032a.jpeg,sugarcane,3
810,/kaggle/input/crop_images/sugarcane/sugarcane037a.jpeg,sugarcane,3
811,/kaggle/input/crop_images/sugarcane/sugarcane020a.jpeg,sugarcane,3
812,/kaggle/input/crop_images/sugarcane/sugarcane024a.jpeg,sugarcane,3
813,/kaggle/input/crop_images/sugarcane/sugarcane035a.jpeg,sugarcane,3
814,/kaggle/input/crop_images/sugarcane/sugarcane013a.jpeg,sugarcane,3
815,/kaggle/input/crop_images/sugarcane/sugarcane0004a.jpeg,sugarcane,3
816,/kaggle/input/crop_images/sugarcane/sugarcane018a.jpeg,sugarcane,3
817,/kaggle/input/crop_images/sugarcane/sugarcane025a.jpeg,sugarcane,3
818,/kaggle/input/crop_images/sugarcane/sugarcane038a.jpeg,sugarcane,3
819,/kaggle/input/crop_images/sugarcane/sugarcane029a.jpeg,sugarcane,3
820,/kaggle/input/crop_images/sugarcane/sugarcane019a.jpeg,sugarcane,3
821,/kaggle/input/crop_images/sugarcane/sugarcane0003a.jpeg,sugarcane,3
822,/kaggle/input/crop_images/sugarcane/sugarcane008a.jpeg,sugarcane,3
823,/kaggle/input/crop_images/sugarcane/sugarcane012a.jpeg,sugarcane,3
824,/kaggle/input/crop_images/sugarcane/sugarcane017a.jpeg,sugarcane,3
825,/kaggle/input/crop_images/sugarcane/sugarcane022a.jpeg,sugarcane,3
826,/kaggle/input/crop_images/sugarcane/sugarcane039a.jpeg,sugarcane,3
827,/kaggle/input/crop_images/sugarcane/sugarcane023a.jpeg,sugarcane,3
828,/kaggle/input/crop_images/sugarcane/sugarcane036a.jpeg,sugarcane,3
829,/kaggle/input/crop_images/sugarcane/sugarcane0002a.jpeg,sugarcane,3
830,/kaggle/input/crop_images/sugarcane/sugarcane006a.jpeg,sugarcane,3
831,/kaggle/input/crop_images/sugarcane/sugarcane033a.jpeg,sugarcane,3
832,/kaggle/input/crop_images/sugarcane/sugarcane0001a.jpeg,sugarcane,3
833,/kaggle/input/crop_images/sugarcane/sugarcane0010a.jpeg,sugarcane,3
834,/kaggle/input/crop_images/sugarcane/sugarcane007a.jpeg,sugarcane,3
835,/kaggle/input/crop_images/sugarcane/sugarcane015a.jpeg,sugarcane,3
836,/kaggle/input/crop_images/sugarcane/sugarcane021a.jpeg,sugarcane,3
837,/kaggle/input/crop_images/sugarcane/sugarcane005a.jpeg,sugarcane,3
838,/kaggle/input/crop_images/wheat/wheat0004a.jpeg,wheat,4
839,/kaggle/input/crop_images/wheat/wheat017a.jpeg,wheat,4
840,/kaggle/input/crop_images/wheat/wheat004a.jpeg,wheat,4
841,/kaggle/input/crop_images/wheat/wheat023a.jpeg,wheat,4
842,/kaggle/input/crop_images/wheat/wheat037a.jpeg,wheat,4
843,/kaggle/input/crop_images/wheat/wheat018a.jpeg,wheat,4
844,/kaggle/input/crop_images/wheat/wheat011.jpeg,wheat,4
845,/kaggle/input/crop_images/wheat/wheat030a.jpeg,wheat,4
846,/kaggle/input/crop_images/wheat/wheat009a.jpeg,wheat,4
847,/kaggle/input/crop_images/wheat/wheat038a.jpeg,wheat,4
848,/kaggle/input/crop_images/wheat/wheat016a.jpeg,wheat,4
849,/kaggle/input/crop_images/wheat/wheat007a.jpeg,wheat,4
850,/kaggle/input/crop_images/wheat/wheat026a.jpeg,wheat,4
851,/kaggle/input/crop_images/wheat/wheat035a.jpeg,wheat,4
852,/kaggle/input/crop_images/wheat/wheat034a.jpeg,wheat,4
853,/kaggle/input/crop_images/wheat/wheat020a.jpeg,wheat,4
854,/kaggle/input/crop_images/wheat/wheat021a.jpeg,wheat,4
855,/kaggle/input/crop_images/wheat/wheat0001a.jpeg,wheat,4
856,/kaggle/input/crop_images/wheat/wheat013a.jpeg,wheat,4
857,/kaggle/input/crop_images/wheat/wheat005a.jpeg,wheat,4
858,/kaggle/input/crop_images/wheat/wheat015a.jpeg,wheat,4
859,/kaggle/input/crop_images/wheat/wheat031a.jpeg,wheat,4
860,/kaggle/input/crop_images/wheat/wheat025a.jpeg,wheat,4
861,/kaggle/input/crop_images/wheat/wheat032a.jpeg,wheat,4
862,/kaggle/input/crop_images/wheat/wheat039a.jpeg,wheat,4
863,/kaggle/input/crop_images/wheat/wheat014a.jpeg,wheat,4
864,/kaggle/input/crop_images/wheat/wheat012a.jpeg,wheat,4
865,/kaggle/input/crop_images/wheat/wheat040a.jpeg,wheat,4
866,/kaggle/input/crop_images/wheat/wheat036a.jpeg,wheat,4
867,/kaggle/input/crop_images/wheat/wheat008a.jpeg,wheat,4
868,/kaggle/input/crop_images/wheat/wheat006a.jpeg,wheat,4
869,/kaggle/input/crop_images/wheat/wheat022a.jpeg,wheat,4
870,/kaggle/input/crop_images/wheat/wheat027a.jpeg,wheat,4
871,/kaggle/input/crop_images/wheat/wheat033a.jpeg,wheat,4
872,/kaggle/input/crop_images/wheat/wheat010a.jpeg,wheat,4
873,/kaggle/input/crop_images/wheat/wheat019a.jpeg,wheat,4
874,/kaggle/input/crop_images/wheat/wheat028a.jpeg,wheat,4
875,/kaggle/input/crop_images/wheat/wheat029a.jpeg,wheat,4
876,/kaggle/input/crop_images/wheat/wheat024a.jpeg,wheat,4
877,/kaggle/input/crop_images/wheat/wheat003.jpeg,wheat,4
878,/kaggle/input/crop_images/wheat/wheat0002a.jpeg,wheat,4
879,/kaggle/input/crop_images/jute/jute003a.jpeg,jute,0
880,/kaggle/input/crop_images/jute/jute033a.jpeg,jute,0
881,/kaggle/input/crop_images/jute/jute028a.jpeg,jute,0
882,/kaggle/input/crop_images/jute/jute018a.jpeg,jute,0
883,/kaggle/input/crop_images/jute/jute034a.jpeg,jute,0
884,/kaggle/input/crop_images/jute/jute023a.jpeg,jute,0
885,/kaggle/input/crop_images/jute/jute022a.jpeg,jute,0
886,/kaggle/input/crop_images/jute/jute002a.jpeg,jute,0
887,/kaggle/input/crop_images/jute/jute026a.jpeg,jute,0
888,/kaggle/input/crop_images/jute/jute030a.jpeg,jute,0
889,/kaggle/input/crop_images/jute/jute006a.jpeg,jute,0
890,/kaggle/input/crop_images/jute/jute031a.jpeg,jute,0
891,/kaggle/input/crop_images/jute/jute007a.jpeg,jute,0
892,/kaggle/input/crop_images/jute/jute009a.jpeg,jute,0
893,/kaggle/input/crop_images/jute/jute012a.jpeg,jute,0
894,/kaggle/input/crop_images/jute/jute014a.jpeg,jute,0
895,/kaggle/input/crop_images/jute/jute027a.jpeg,jute,0
896,/kaggle/input/crop_images/jute/jute035a.jpeg,jute,0
897,/kaggle/input/crop_images/jute/jute001a.jpeg,jute,0
898,/kaggle/input/crop_images/jute/jute013a.jpeg,jute,0
899,/kaggle/input/crop_images/jute/jute032a.jpeg,jute,0
900,/kaggle/input/crop_images/jute/jute004a.jpeg,jute,0
901,/kaggle/input/crop_images/jute/jute024a.jpeg,jute,0
902,/kaggle/input/crop_images/jute/jute016a.jpeg,jute,0
903,/kaggle/input/crop_images/jute/jute021a.jpeg,jute,0
904,/kaggle/input/crop_images/jute/jute037a.jpeg,jute,0
905,/kaggle/input/crop_images/jute/jute038a.jpeg,jute,0
906,/kaggle/input/crop_images/jute/jute029a.jpeg,jute,0
907,/kaggle/input/crop_images/jute/jute005a.jpeg,jute,0
908,/kaggle/input/crop_images/jute/jute036a.jpeg,jute,0
909,/kaggle/input/crop_images/jute/jute025a.jpeg,jute,0
910,/kaggle/input/crop_images/jute/jute011a.jpeg,jute,0
911,/kaggle/input/crop_images/jute/jute040a.jpeg,jute,0
912,/kaggle/input/crop_images/jute/jute039a.jpeg,jute,0
913,/kaggle/input/crop_images/jute/jute017a.jpeg,jute,0
914,/kaggle/input/crop_images/jute/jute008a.jpeg,jute,0
915,/kaggle/input/crop_images/jute/jute015a.jpeg,jute,0
916,/kaggle/input/crop_images/jute/jute010a.jpeg,jute,0
917,/kaggle/input/crop_images/jute/jute020a.jpeg,jute,0
918,/kaggle/input/crop_images/jute/jute019a.jpeg,jute,0
919,/kaggle/input/crop_images/maize/maize008a.jpeg,maize,1
920,/kaggle/input/crop_images/maize/maize039a.jpeg,maize,1
921,/kaggle/input/crop_images/maize/maize019a.jpeg,maize,1
922,/kaggle/input/crop_images/maize/maize032a.jpeg,maize,1
923,/kaggle/input/crop_images/maize/maize018a.jpeg,maize,1
924,/kaggle/input/crop_images/maize/maize037a.jpeg,maize,1
925,/kaggle/input/crop_images/maize/maize036a.jpeg,maize,1
926,/kaggle/input/crop_images/maize/maize009a.jpeg,maize,1
927,/kaggle/input/crop_images/maize/maize023a.jpeg,maize,1
928,/kaggle/input/crop_images/maize/maize034a.jpeg,maize,1
929,/kaggle/input/crop_images/maize/maize027a.jpeg,maize,1
930,/kaggle/input/crop_images/maize/maize017a.jpeg,maize,1
931,/kaggle/input/crop_images/maize/maize035a.jpeg,maize,1
932,/kaggle/input/crop_images/maize/maize010a.jpeg,maize,1
933,/kaggle/input/crop_images/maize/maize020a.jpeg,maize,1
934,/kaggle/input/crop_images/maize/maize007.jpeg,maize,1
935,/kaggle/input/crop_images/maize/maize021a.jpeg,maize,1
936,/kaggle/input/crop_images/maize/maize029a.jpeg,maize,1
937,/kaggle/input/crop_images/maize/maize024a.jpeg,maize,1
938,/kaggle/input/crop_images/maize/maize002a.jpeg,maize,1
939,/kaggle/input/crop_images/maize/maize011a.jpeg,maize,1
940,/kaggle/input/crop_images/maize/maize030a.jpeg,maize,1
941,/kaggle/input/crop_images/maize/maize006.jpeg,maize,1
942,/kaggle/input/crop_images/maize/maize016a.jpeg,maize,1
943,/kaggle/input/crop_images/maize/maize025a.jpeg,maize,1
944,/kaggle/input/crop_images/maize/maize005a.jpeg,maize,1
945,/kaggle/input/crop_images/maize/maize031a.jpeg,maize,1
946,/kaggle/input/crop_images/maize/maize026a.jpeg,maize,1
947,/kaggle/input/crop_images/maize/maize003a.jpeg,maize,1
948,/kaggle/input/crop_images/maize/maize013a.jpeg,maize,1
949,/kaggle/input/crop_images/maize/maize014.jpeg,maize,1
950,/kaggle/input/crop_images/maize/maize028a.jpeg,maize,1
951,/kaggle/input/crop_images/maize/maize001a.jpeg,maize,1
952,/kaggle/input/crop_images/maize/maize015a.jpeg,maize,1
953,/kaggle/input/crop_images/maize/maize033a.jpeg,maize,1
954,/kaggle/input/crop_images/maize/maize012a.jpeg,maize,1
955,/kaggle/input/crop_images/maize/maize022a.jpeg,maize,1
956,/kaggle/input/crop_images/maize/maize038a.jpeg,maize,1
957,/kaggle/input/crop_images/maize/maize004a.jpeg,maize,1
958,/kaggle/input/crop_images/maize/maize040a.jpeg,maize,1
959,/kaggle/input/crop_images/rice/rice002a.jpeg,rice,2
960,/kaggle/input/crop_images/rice/rice006a.jpeg,rice,2
961,/kaggle/input/crop_images/rice/rice008a.jpeg,rice,2
962,/kaggle/input/crop_images/rice/rice033a.jpeg,rice,2
963,/kaggle/input/crop_images/rice/rice017a.jpeg,rice,2
964,/kaggle/input/crop_images/rice/rice037a.jpeg,rice,2
965,/kaggle/input/crop_images/rice/rice024a.jpeg,rice,2
966,/kaggle/input/crop_images/rice/rice019a.jpeg,rice,2
967,/kaggle/input/crop_images/rice/rice013a.jpeg,rice,2
968,/kaggle/input/crop_images/rice/rice012a.jpeg,rice,2
969,/kaggle/input/crop_images/rice/rice011a.jpeg,rice,2
970,/kaggle/input/crop_images/rice/rice021a.jpeg,rice,2
971,/kaggle/input/crop_images/rice/rice022a.jpeg,rice,2
972,/kaggle/input/crop_images/rice/rice036a.jpeg,rice,2
973,/kaggle/input/crop_images/rice/rice001a.jpeg,rice,2
974,/kaggle/input/crop_images/rice/rice005a.jpeg,rice,2
975,/kaggle/input/crop_images/rice/rice007a.jpeg,rice,2
976,/kaggle/input/crop_images/rice/rice029a.jpeg,rice,2
977,/kaggle/input/crop_images/rice/rice028a.jpeg,rice,2
978,/kaggle/input/crop_images/rice/rice014a.jpeg,rice,2
979,/kaggle/input/crop_images/rice/rice003a.jpeg,rice,2
980,/kaggle/input/crop_images/rice/rice038a.jpeg,rice,2
981,/kaggle/input/crop_images/rice/rice023a.jpeg,rice,2
982,/kaggle/input/crop_images/rice/rice039a.jpeg,rice,2
983,/kaggle/input/crop_images/rice/rice031a.jpeg,rice,2
984,/kaggle/input/crop_images/rice/rice010a.jpeg,rice,2
985,/kaggle/input/crop_images/rice/rice030a.jpeg,rice,2
986,/kaggle/input/crop_images/rice/rice009a.jpeg,rice,2
987,/kaggle/input/crop_images/rice/rice040a.jpeg,rice,2
988,/kaggle/input/crop_images/rice/rice025a.jpeg,rice,2
989,/kaggle/input/crop_images/rice/rice004a.jpeg,rice,2
990,/kaggle/input/crop_images/rice/rice016a.jpeg,rice,2
991,/kaggle/input/crop_images/rice/rice026a.jpeg,rice,2
992,/kaggle/input/crop_images/rice/rice035a.jpeg,rice,2
993,/kaggle/input/crop_images/rice/rice020a.jpeg,rice,2
994,/kaggle/input/crop_images/rice/rice018a.jpeg,rice,2
995,/kaggle/input/crop_images/rice/rice027a.jpeg,rice,2
996,/kaggle/input/crop_images/rice/rice015a.jpeg,rice,2
997,/kaggle/input/crop_images/rice/rice034a.jpeg,rice,2
998,/kaggle/input/crop_images/rice/rice032a.jpeg,rice,2
